,year,quarter,sales,percentage
0,2014,1,74447.8,0.0
1,2014,2,86538.8,0.0
2,2014,3,143633.0,0.0
3,2014,4,179628.0,0.0
4,2015,1,68851.7,-8.1277
5,2015,2,89124.2,2.90093
6,2015,3,130260.0,-10.2669
7,2015,4,182297.0,1.46425
8,2016,1,93237.2,20.1522
9,2016,2,136082.0,36.407
10,2016,3,143787.0,0.1072
11,2016,4,236099.0,23.9184
12,2017,1,123145.0,39.5445
13,2017,2,133764.0,35.3051
14,2017,3,196252.0,26.8118
15,2017,4,280054.0,35.8596
